method,n_genes,time_sec,n_sig_fdr1,n_sig_fdr5,n_sig_fdr10,n_sig_lfc0.5,n_sig_lfc1,p_median,p_mean,p_lt_0.05,lfc_median,dataset,is_null,n_dv_fdr5,n_dv_fdr10,dv_p_median,dv_p_lt_0.05,n_dd_fdr5,n_dd_fdr10,n_score_fdr5,n_score_fdr10,score_median,n_true_de,n_true_dv,TP_de_fdr5,FP_de_fdr5,prec_de,recall_de,F1_de,TP_dv_fdr5,FP_dv_fdr5,prec_dv,recall_dv,F1_dv,n_post_de_0.5,n_post_de_0.8,n_post_deonly_0.8,n_post_de_call,n_de_fdr_call,n_post_dv_0.8,n_post_dvonly_0.8,n_post_dv_call,n_dv_fdr_call,n_post_dg_0.8,n_post_dgonly_0.8,n_post_dg_call,n_dg_fdr_call,prior_de_used,prior_dv_used,prior_dv_upper,prior_dg_used,post_de_threshold,post_dv_threshold,post_dg_threshold,post_de_realized_fdr,post_dv_realized_fdr,post_dg_realized_fdr,n_dv_model_raw_fdr5,n_dv_model_fdr5,n_dv_bf_fdr5,n_dv_mix_fdr5,TP_de_post08,FP_de_post08,prec_de_post08,recall_de_post08,F1_de_post08
BPSC,5303,633.51,,0,0,,,0.812660687683523,,,0.246131081753266,jakel,False,,,,,,,,,,,,,,,,,,,,,,,,,,,,,,,,,,,,,,,,,,,,,,,,,,,,,
BPSC,35635,2542.05,,386,498,,,0.973621270763671,,,0.0,kang18,False,,,,,,,,,,,,,,,,,,,,,,,,,,,,,,,,,,,,,,,,,,,,,,,,,,,,,
BPSC,11207,2136.1,,0,0,,,0.603065534050829,,,0.0,muscat_sim,False,,,,,,,,,,1681.0,,0.0,0.0,0.0,0.0,0.0,,,,,,,,,,,,,,,,,,,,,,,,,,,,,,,,,,,,,
BPSC,26179,3187.3,,0,0,,,0.451759842018845,,,0.0,segerstolpe,False,,,,,,,,,,,,,,,,,,,,,,,,,,,,,,,,,,,,,,,,,,,,,,,,,,,,,
BPSC,39851,2992.78,,31,6162,,,0.305435730864111,,,0.0,xin,False,,,,,,,,,,,,,,,,,,,,,,,,,,,,,,,,,,,,,,,,,,,,,,,,,,,,,
BPSC,41861,4182.35,,1936,3129,,,0.306829229181383,,,0.0,zilionis,False,,,,,,,,,,,,,,,,,,,,,,,,,,,,,,,,,,,,,,,,,,,,,,,,,,,,,
DESeq2,5303,78.91,,1,1,,,0.624340196226163,,,0.337996500790937,jakel,False,,,,,,,,,,,,,,,,,,,,,,,,,,,,,,,,,,,,,,,,,,,,,,,,,,,,,
DESeq2,35635,31.09,,3317,3961,,,0.945988202855389,,,0.0440353827242416,kang18,False,,,,,,,,,,,,,,,,,,,,,,,,,,,,,,,,,,,,,,,,,,,,,,,,,,,,,
DESeq2,11207,16.36,,28,46,,,0.480872066253472,,,0.193760576939327,muscat_sim,False,,,,,,,,,,1681.0,,1.0,27.0,0.0357,0.0006,0.0012,,,,,,,,,,,,,,,,,,,,,,,,,,,,,,,,,,,,,
DESeq2,26179,50.94,,18,30,,,0.630080459250339,,,0.361973542144405,segerstolpe,False,,,,,,,,,,,,,,,,,,,,,,,,,,,,,,,,,,,,,,,,,,,,,,,,,,,,,
DESeq2,39851,113.11,,27,42,,,0.742289717639215,,,0.33468649348631,xin,False,,,,,,,,,,,,,,,,,,,,,,,,,,,,,,,,,,,,,,,,,,,,,,,,,,,,,
DESeq2,41861,41.92,,10059,11915,,,0.285960601282786,,,0.784122855633016,zilionis,False,,,,,,,,,,,,,,,,,,,,,,,,,,,,,,,,,,,,,,,,,,,,,,,,,,,,,
DEsingle,5303,174.42,,0,0,,,0.685934422880386,,,0.307089585911729,jakel,False,,,,,,,,,,,,,,,,,,,,,,,,,,,,,,,,,,,,,,,,,,,,,,,,,,,,,
DEsingle,18890,1221.84,,1914,2344,,,0.510509261244038,,,0.548144157529495,kang18,False,,,,,,,,,,,,,,,,,,,,,,,,,,,,,,,,,,,,,,,,,,,,,,,,,,,,,
DEsingle,11207,215.93,,7,9,,,0.651454537675164,,,0.247927513443586,muscat_sim,False,,,,,,,,,,1681.0,,1.0,6.0,0.1429,0.0006,0.0012,,,,,,,,,,,,,,,,,,,,,,,,,,,,,,,,,,,,,
DEsingle,23238,1219.6,,2,2,,,0.474734655103539,,,0.767970424742458,segerstolpe,False,,,,,,,,,,,,,,,,,,,,,,,,,,,,,,,,,,,,,,,,,,,,,,,,,,,,,
DEsingle,31018,1637.31,,9,15,,,0.398482903461019,,,1.63632462040406,xin,False,,,,,,,,,,,,,,,,,,,,,,,,,,,,,,,,,,,,,,,,,,,,,,,,,,,,,
DEsingle,39129,2780.4,,5687,7732,,,0.232674519641039,,,1.20932381908903,zilionis,False,,,,,,,,,,,,,,,,,,,,,,,,,,,,,,,,,,,,,,,,,,,,,,,,,,,,,
MAST,5303,35.06,,0,0,,,0.651612011980587,,,0.0,jakel,False,,,,,,,,,,,,,,,,,,,,,,,,,,,,,,,,,,,,,,,,,,,,,,,,,,,,,
MAST,35635,337.25,,1705,2238,,,0.987094475366385,,,0.0,kang18,False,,,,,,,,,,,,,,,,,,,,,,,,,,,,,,,,,,,,,,,,,,,,,,,,,,,,,
MAST,11207,283.17,,0,0,,,0.810878201615347,,,0.0,muscat_sim,False,,,,,,,,,,1681.0,,0.0,0.0,0.0,0.0,0.0,,,,,,,,,,,,,,,,,,,,,,,,,,,,,,,,,,,,,
MAST,26179,345.76,,0,0,,,0.714720901449801,,,0.0,segerstolpe,False,,,,,,,,,,,,,,,,,,,,,,,,,,,,,,,,,,,,,,,,,,,,,,,,,,,,,
MAST,39851,479.97,,1,3,,,0.619257293891596,,,0.0,xin,False,,,,,,,,,,,,,,,,,,,,,,,,,,,,,,,,,,,,,,,,,,,,,,,,,,,,,
MAST,41861,551.33,,5177,7384,,,0.217729437749912,,,0.0,zilionis,False,,,,,,,,,,,,,,,,,,,,,,,,,,,,,,,,,,,,,,,,,,,,,,,,,,,,,
NEBULA,14819,254.48,,1529,2385,,,0.245738078423376,,,0.359907275135176,jakel,False,,,,,,,,,,,,,,,,,,,,,,,,,,,,,,,,,,,,,,,,,,,,,,,,,,,,,
NEBULA,8955,1600.57,,6347,6740,,,0.0002841779242881,,,0.401068416601234,kang18,False,,,,,,,,,,,,,,,,,,,,,,,,,,,,,,,,,,,,,,,,,,,,,,,,,,,,,
NEBULA,20059,1237.86,,540,893,,,0.38359831171101,,,0.435885300540933,segerstolpe,False,,,,,,,,,,,,,,,,,,,,,,,,,,,,,,,,,,,,,,,,,,,,,,,,,,,,,
NEBULA,24989,955.0,,43,86,,,0.45284707130129,,,0.424557856774417,xin,False,,,,,,,,,,,,,,,,,,,,,,,,,,,,,,,,,,,,,,,,,,,,,,,,,,,,,
NEBULA,11944,5295.42,,10387,10620,,,6.4170071693037215e-19,,,0.721770583824022,zilionis,False,,,,,,,,,,,,,,,,,,,,,,,,,,,,,,,,,,,,,,,,,,,,,,,,,,,,,
SGCB,5303,12.92,,0,0,,,0.55762773965322,,,0.426370512372225,jakel,False,0.0,,,,135.0,,106.0,,,,,,,,,,,,,,,0.0,0.0,0.0,0.0,0.0,0.0,0.0,0.0,0.0,168.0,168.0,206.0,167.0,0.0100641337894129,0.0100659823692272,0.1,0.0430542959676271,1.000000000001,1.000000000001,0.399143791592322,0.0,0.0,0.0994552593059032,89.0,11.0,0.0,0.0,,,,,
SGCB,10385,145.03,,3124,3863,,,0.12109386510167,,,0.306305862368542,kang18,False,7.0,,,,22.0,,1719.0,,,,,,,,,,,,,,,1040.0,658.0,621.0,874.0,3863.0,9.0,0.0,13.0,8.0,49.0,31.0,60.0,25.0,0.219724939823646,0.0100659823692272,0.1,0.0100641337894129,0.622361558531952,0.752487769295525,0.518150515172849,0.0998502691751432,0.0947513923579573,0.0952695233103899,4194.0,398.0,7.0,215.0,,,,,
SGCB,10518,166.75,,0,0,,,0.508807314324062,,,0.184584753258795,muscat_sim,False,1.0,,,,16.0,,15.0,,,1670.0,,0.0,0.0,0.0,0.0,0.0,,,,,,32.0,14.0,14.0,19.0,0.0,4.0,3.0,5.0,2.0,37.0,36.0,47.0,21.0,0.0122600930089964,0.0100659823692272,0.1,0.0100641337894129,0.686310089660925,0.778837032989972,0.536646865727806,0.0979621455029371,0.0924886731207506,0.0968162361874243,649.0,24.0,2.0,11.0,0.0,14.0,0.0,0.0,0.0
SGCB,19315,199.68,,0,0,,,0.522330256171118,,,0.379749445078589,segerstolpe,False,0.0,,,,469.0,,151.0,,,,,,,,,,,,,,,18.0,6.0,4.0,8.0,0.0,0.0,0.0,0.0,0.0,575.0,566.0,684.0,586.0,0.0100641337894129,0.0100659823692272,0.1,0.0482225919016719,0.738068485071722,1.000000000001,0.368260508450479,0.0868802668359889,0.0,0.0993149265430745,10.0,0.0,0.0,0.0,,,,,
SGCB,21684,315.06,,1,3,,,0.429229395142941,,,0.472847216640692,xin,False,0.0,,,,38.0,,33.0,,,,,,,,,,,,,,,128.0,42.0,40.0,39.0,3.0,0.0,0.0,0.0,0.0,60.0,58.0,82.0,159.0,0.0553132054622802,0.0100659823692272,0.1,0.0100641337894129,0.81758885245745,1.000000000001,0.612437978894165,0.0982623685186158,0.0,0.0973581532832296,3.0,0.0,0.0,0.0,,,,,
SGCB,23288,314.33,,8487,10393,,,0.0740743602115553,,,0.718189244316362,zilionis,False,0.0,,,,26.0,,4277.0,,,,,,,,,,,,,,,1265.0,378.0,360.0,426.0,10393.0,0.0,0.0,0.0,0.0,45.0,5.0,55.0,29.0,0.290924219898101,0.0100659823692272,0.1,0.0100641337894129,0.771729309135947,1.000000000001,0.446851072211504,0.0997253679606451,0.0,0.0949084553296167,0.0,0.0,0.0,0.0,,,,,
Seurat,5303,8.6,,0,0,,,0.515088228729758,,,0.523546244485815,jakel,False,,,,,,,,,,,,,,,,,,,,,,,,,,,,,,,,,,,,,,,,,,,,,,,,,,,,,
Seurat,35635,7.36,,0,0,,,0.958121926577743,,,0.0027240971469786,kang18,False,,,,,,,,,,,,,,,,,,,,,,,,,,,,,,,,,,,,,,,,,,,,,,,,,,,,,
Seurat,11207,6.33,,0,0,,,0.563523716477718,,,0.068139990833902,muscat_sim,False,,,,,,,,,,1578.0,,0.0,0.0,0.0,0.0,0.0,,,,,,,,,,,,,,,,,,,,,,,,,,,,,,,,,,,,,
Seurat,26179,11.39,,0,0,,,0.594032340599042,,,0.572501749067476,segerstolpe,False,,,,,,,,,,,,,,,,,,,,,,,,,,,,,,,,,,,,,,,,,,,,,,,,,,,,,
Seurat,39851,7.2,,0,0,,,0.576989203042437,,,0.994130737536969,xin,False,,,,,,,,,,,,,,,,,,,,,,,,,,,,,,,,,,,,,,,,,,,,,,,,,,,,,
Seurat,41861,7.31,,0,0,,,0.283976771750912,,,0.233333669883092,zilionis,False,,,,,,,,,,,,,,,,,,,,,,,,,,,,,,,,,,,,,,,,,,,,,,,,,,,,,
aggregateBioVar,5303,76.8,,1,1,,,0.624340196226163,,,0.337996500790937,jakel,False,,,,,,,,,,,,,,,,,,,,,,,,,,,,,,,,,,,,,,,,,,,,,,,,,,,,,
aggregateBioVar,35635,35.19,,3317,3961,,,0.945988202855389,,,0.0440353827242416,kang18,False,,,,,,,,,,,,,,,,,,,,,,,,,,,,,,,,,,,,,,,,,,,,,,,,,,,,,
aggregateBioVar,11207,16.12,,28,46,,,0.480872066253472,,,0.193760576939327,muscat_sim,False,,,,,,,,,,1681.0,,1.0,27.0,0.0357,0.0006,0.0012,,,,,,,,,,,,,,,,,,,,,,,,,,,,,,,,,,,,,
aggregateBioVar,26179,64.31,,18,30,,,0.630080459250339,,,0.361973542144405,segerstolpe,False,,,,,,,,,,,,,,,,,,,,,,,,,,,,,,,,,,,,,,,,,,,,,,,,,,,,,
aggregateBioVar,39851,86.73,,27,42,,,0.742289717639215,,,0.33468649348631,xin,False,,,,,,,,,,,,,,,,,,,,,,,,,,,,,,,,,,,,,,,,,,,,,,,,,,,,,
aggregateBioVar,41861,49.78,,10059,11915,,,0.285960601282786,,,0.784122855633016,zilionis,False,,,,,,,,,,,,,,,,,,,,,,,,,,,,,,,,,,,,,,,,,,,,,,,,,,,,,
distinct,5303,36.98,,0,0,,,0.584158415841584,,,0.0,jakel,False,,,,,,,,,,,,,,,,,,,,,,,,,,,,,,,,,,,,,,,,,,,,,,,,,,,,,
distinct,18890,166.7,,3785,5131,,,0.235528942115768,,,0.0,kang18,False,,,,,,,,,,,,,,,,,,,,,,,,,,,,,,,,,,,,,,,,,,,,,,,,,,,,,
distinct,11207,61.26,,0,0,,,0.499001996007984,,,0.0,muscat_sim,False,,,,,,,,,,1681.0,,0.0,0.0,0.0,0.0,0.0,,,,,,,,,,,,,,,,,,,,,,,,,,,,,,,,,,,,,
distinct,23238,58.45,,0,0,,,0.365269461077844,,,0.0,segerstolpe,False,,,,,,,,,,,,,,,,,,,,,,,,,,,,,,,,,,,,,,,,,,,,,,,,,,,,,
distinct,31018,148.49,,0,0,,,0.343313373253493,,,0.0,xin,False,,,,,,,,,,,,,,,,,,,,,,,,,,,,,,,,,,,,,,,,,,,,,,,,,,,,,
distinct,39129,261.95,,7241,10585,,,0.149700598802395,,,0.0,zilionis,False,,,,,,,,,,,,,,,,,,,,,,,,,,,,,,,,,,,,,,,,,,,,,,,,,,,,,
dv_GAMLSS,5303,27.95,,0,0,,,1.0,,,0.437176119690925,jakel,False,,,,,,,,,,,,,,,,,,,,,,,,,,,,,,,,,,,,,,,,,,,,,,,,,,,,,
dv_GAMLSS,35635,190.0,,4,42,,,1.0,,,0.100115177088356,kang18,False,,,,,,,,,,,,,,,,,,,,,,,,,,,,,,,,,,,,,,,,,,,,,,,,,,,,,
dv_GAMLSS,11207,150.33,,18,66,,,0.450150858718729,,,0.774956430635176,muscat_sim,False,,,,,,,,,,1681.0,,1.0,17.0,0.0556,0.0006,0.0012,,,,,,,,,,,,,,,,,,,,,,,,,,,,,,,,,,,,,
dv_GAMLSS,26179,308.05,,146,776,,,0.411938591127841,,,1.31997610831052,segerstolpe,False,,,,,,,,,,,,,,,,,,,,,,,,,,,,,,,,,,,,,,,,,,,,,,,,,,,,,
dv_GAMLSS,39851,227.31,,1476,2614,,,0.60198072300443,,,0.947704186490063,xin,False,,,,,,,,,,,,,,,,,,,,,,,,,,,,,,,,,,,,,,,,,,,,,,,,,,,,,
dv_GAMLSS,41861,480.77,,493,1496,,,0.396684405611097,,,1.30517902635574,zilionis,False,,,,,,,,,,,,,,,,,,,,,,,,,,,,,,,,,,,,,,,,,,,,,,,,,,,,,
dv_diffVar,5303,1.01,,0,0,,,0.448243967429055,,,0.193785609244891,jakel,False,,,,,,,,,,,,,,,,,,,,,,,,,,,,,,,,,,,,,,,,,,,,,,,,,,,,,
dv_diffVar,35635,6.15,,5,6,,,0.266306734819185,,,0.213795085172874,kang18,False,,,,,,,,,,,,,,,,,,,,,,,,,,,,,,,,,,,,,,,,,,,,,,,,,,,,,
dv_diffVar,11207,2.45,,2,3,,,0.462698496596904,,,0.107604123639141,muscat_sim,False,,,,,,,,,,1681.0,,0.0,2.0,0.0,0.0,0.0,,,,,,,,,,,,,,,,,,,,,,,,,,,,,,,,,,,,,
dv_diffVar,26179,4.14,,44,91,,,0.406547493633957,,,0.267488050199987,segerstolpe,False,,,,,,,,,,,,,,,,,,,,,,,,,,,,,,,,,,,,,,,,,,,,,,,,,,,,,
dv_diffVar,39851,6.25,,746,1100,,,0.453836969585962,,,0.21023098467977,xin,False,,,,,,,,,,,,,,,,,,,,,,,,,,,,,,,,,,,,,,,,,,,,,,,,,,,,,
dv_diffVar,41861,6.1,,0,9,,,0.362806834788655,,,0.2341654066346,zilionis,False,,,,,,,,,,,,,,,,,,,,,,,,,,,,,,,,,,,,,,,,,,,,,,,,,,,,,
edgeR,5303,2.92,,13,22,,,0.519404977466538,,,0.295939280141292,jakel,False,,,,,,,,,,,,,,,,,,,,,,,,,,,,,,,,,,,,,,,,,,,,,,,,,,,,,
edgeR,35635,8.93,,2806,3412,,,0.914398636508758,,,0.0441299641451797,kang18,False,,,,,,,,,,,,,,,,,,,,,,,,,,,,,,,,,,,,,,,,,,,,,,,,,,,,,
edgeR,11207,5.58,,0,0,,,0.472237064642199,,,0.1893824909847,muscat_sim,False,,,,,,,,,,1681.0,,0.0,0.0,0.0,0.0,0.0,,,,,,,,,,,,,,,,,,,,,,,,,,,,,,,,,,,,,
edgeR,26179,8.47,,0,0,,,0.553335485662427,,,0.365888707985121,segerstolpe,False,,,,,,,,,,,,,,,,,,,,,,,,,,,,,,,,,,,,,,,,,,,,,,,,,,,,,
edgeR,39851,14.58,,2,4,,,0.582757611137935,,,0.348008204632257,xin,False,,,,,,,,,,,,,,,,,,,,,,,,,,,,,,,,,,,,,,,,,,,,,,,,,,,,,
edgeR,41861,16.02,,8624,10796,,,0.223796913093661,,,0.698277364093738,zilionis,False,,,,,,,,,,,,,,,,,,,,,,,,,,,,,,,,,,,,,,,,,,,,,,,,,,,,,
glmGamPoi,5303,10.02,,0,0,,,0.511096569054415,,,0.318801218760986,jakel,False,,,,,,,,,,,,,,,,,,,,,,,,,,,,,,,,,,,,,,,,,,,,,,,,,,,,,
glmGamPoi,35635,42.99,,4004,4809,,,0.922539565474451,,,0.0706942945645143,kang18,False,,,,,,,,,,,,,,,,,,,,,,,,,,,,,,,,,,,,,,,,,,,,,,,,,,,,,
glmGamPoi,11207,13.44,,0,0,,,0.531082932405452,,,0.190531068324195,muscat_sim,False,,,,,,,,,,1681.0,,0.0,0.0,0.0,0.0,0.0,,,,,,,,,,,,,,,,,,,,,,,,,,,,,,,,,,,,,
glmGamPoi,26179,45.41,,0,0,,,0.533582565530419,,,0.39735978258318,segerstolpe,False,,,,,,,,,,,,,,,,,,,,,,,,,,,,,,,,,,,,,,,,,,,,,,,,,,,,,
glmGamPoi,39851,38.67,,1,1,,,0.595461743327479,,,0.37488197249175,xin,False,,,,,,,,,,,,,,,,,,,,,,,,,,,,,,,,,,,,,,,,,,,,,,,,,,,,,
glmGamPoi,41861,50.7,,9990,12907,,,0.161959710899314,,,0.932021964491023,zilionis,False,,,,,,,,,,,,,,,,,,,,,,,,,,,,,,,,,,,,,,,,,,,,,,,,,,,,,
glmmTMB,5303,184.88,,2,3,,,0.523211907821775,,,0.350735794698106,jakel,False,,,,,,,,,,,,,,,,,,,,,,,,,,,,,,,,,,,,,,,,,,,,,,,,,,,,,
glmmTMB,11929,603.56,,4219,4904,,,0.102690447435143,,,0.285264093638346,kang18,False,,,,,,,,,,,,,,,,,,,,,,,,,,,,,,,,,,,,,,,,,,,,,,,,,,,,,
glmmTMB,11207,449.06,,108,186,,,0.468610665452453,,,0.174907182252134,muscat_sim,False,,,,,,,,,,1681.0,,3.0,105.0,0.0278,0.0018,0.0034,,,,,,,,,,,,,,,,,,,,,,,,,,,,,,,,,,,,,
glmmTMB,20137,1012.97,,308,455,,,0.462493771428718,,,0.366899176163504,segerstolpe,False,,,,,,,,,,,,,,,,,,,,,,,,,,,,,,,,,,,,,,,,,,,,,,,,,,,,,
glmmTMB,23571,1038.17,,197,382,,,0.396011793609798,,,0.405885133605589,xin,False,,,,,,,,,,,,,,,,,,,,,,,,,,,,,,,,,,,,,,,,,,,,,,,,,,,,,
glmmTMB,27926,1236.26,,11217,12964,,,0.0693241710965887,,,0.592286687819968,zilionis,False,,,,,,,,,,,,,,,,,,,,,,,,,,,,,,,,,,,,,,,,,,,,,,,,,,,,,
limma,5303,0.96,,0,0,,,0.485716335963221,,,0.328103376830874,jakel,False,,,,,,,,,,,,,,,,,,,,,,,,,,,,,,,,,,,,,,,,,,,,,,,,,,,,,
limma,35635,5.08,,3003,3484,,,0.872278356262262,,,0.0720905515806362,kang18,False,,,,,,,,,,,,,,,,,,,,,,,,,,,,,,,,,,,,,,,,,,,,,,,,,,,,,
limma,11207,1.79,,0,0,,,0.47183739024546,,,0.195202813638491,muscat_sim,False,,,,,,,,,,1681.0,,0.0,0.0,0.0,0.0,0.0,,,,,,,,,,,,,,,,,,,,,,,,,,,,,,,,,,,,,
limma,26179,4.11,,0,0,,,0.456109619878133,,,0.469405754890883,segerstolpe,False,,,,,,,,,,,,,,,,,,,,,,,,,,,,,,,,,,,,,,,,,,,,,,,,,,,,,
limma,39851,4.47,,14072,15675,,,0.132283629137278,,,0.911758979642316,xin,False,,,,,,,,,,,,,,,,,,,,,,,,,,,,,,,,,,,,,,,,,,,,,,,,,,,,,
limma,41861,4.73,,10218,18409,,,0.0711125002228068,,,0.924668155942251,zilionis,False,,,,,,,,,,,,,,,,,,,,,,,,,,,,,,,,,,,,,,,,,,,,,,,,,,,,,
muscat,284,80.78,,1,1,,,0.4085,,,0.2525,jakel,False,,,,,,,,,,,,,,,,,,,,,,,,,,,,,,,,,,,,,,,,,,,,,,,,,,,,,
muscat,8667,31.23,,3119,3708,,,0.0841,,,0.276,kang18,False,,,,,,,,,,,,,,,,,,,,,,,,,,,,,,,,,,,,,,,,,,,,,,,,,,,,,
muscat,8731,21.76,,0,0,,,0.479,,,0.164,muscat_sim,False,,,,,,,,,,1424.0,,0.0,0.0,0.0,0.0,0.0,,,,,,,,,,,,,,,,,,,,,,,,,,,,,,,,,,,,,
muscat,17836,34.4,,0,0,,,0.502,,,0.3305,segerstolpe,False,,,,,,,,,,,,,,,,,,,,,,,,,,,,,,,,,,,,,,,,,,,,,,,,,,,,,
muscat,16449,39.2,,4,24,,,0.452,,,0.291,xin,False,,,,,,,,,,,,,,,,,,,,,,,,,,,,,,,,,,,,,,,,,,,,,,,,,,,,,
muscat,18815,38.53,,9288,10852,,,0.0264,,,0.731,zilionis,False,,,,,,,,,,,,,,,,,,,,,,,,,,,,,,,,,,,,,,,,,,,,,,,,,,,,,
scDD,5303,546.47,,0,0,,,0.780249398697134,,,0.0,jakel,False,,,,,,,,,,,,,,,,,,,,,,,,,,,,,,,,,,,,,,,,,,,,,,,,,,,,,
scDD,17016,2180.5,,2423,3961,,,0.350625278423999,,,0.0,kang18,False,,,,,,,,,,,,,,,,,,,,,,,,,,,,,,,,,,,,,,,,,,,,,,,,,,,,,
scDD,11207,1919.08,,0,0,,,0.627167050717532,,,0.0,muscat_sim,False,,,,,,,,,,1681.0,,0.0,0.0,0.0,0.0,0.0,,,,,,,,,,,,,,,,,,,,,,,,,,,,,,,,,,,,,
scDD,22025,3269.71,,0,0,,,0.699374199935276,,,0.0,segerstolpe,False,,,,,,,,,,,,,,,,,,,,,,,,,,,,,,,,,,,,,,,,,,,,,,,,,,,,,
scDD,27496,3649.48,,0,0,,,0.765763173528629,,,0.0,xin,False,,,,,,,,,,,,,,,,,,,,,,,,,,,,,,,,,,,,,,,,,,,,,,,,,,,,,
scDD,37592,4983.45,,3892,8926,,,0.287227566038627,,,0.0,zilionis,False,,,,,,,,,,,,,,,,,,,,,,,,,,,,,,,,,,,,,,,,,,,,,,,,,,,,,
