method,n_features,time_sec,n_sig_fdr1,n_sig_fdr5,n_sig_fdr10,n_sig_lfc0.5,n_sig_lfc1,p_median,p_mean,p_lt_0.05,lfc_median,dataset,is_null,n_dv_fdr5,n_dv_fdr10,dv_p_median,n_dd_fdr5,n_dd_fdr10,n_score_fdr5,n_score_fdr10,score_median,n_spike,TP_fdr5,FP_fdr5,precision_fdr5,recall_fdr5,F1_fdr5,n_true_de,n_true_dv,sim_TP_de,sim_FP_de,sim_prec_de,sim_recall_de,sim_F1_de,sim_TP_dv,sim_FP_dv,sim_prec_dv,sim_recall_dv,sim_F1_dv,n_post_de_0.8,n_post_deonly_0.8,n_post_de_call,n_de_fdr_call,n_post_dv_call,n_dv_fdr_call,prior_de_used,prior_dv_used,prior_dv_upper,post_de_threshold,post_dv_threshold,post_de_realized_fdr,post_dv_realized_fdr,precision,recall,F1,sim_TP_de_post08,sim_FP_de_post08,sim_prec_de_post08,sim_recall_de_post08,sim_F1_de_post08
SGCB,1253,0.5,0,0,0,0,0,0.537395650990166,0.522094594209274,0.0462889066241022,0.17435182683859,cptac,FALSE,,,,,,,,,30,0,0,0,0,0,,,,,,,,,,,,,,,,,,,,,,,,,,,,,,,,,
SGCB,5022,1.37,1247,1966,2387,1645,1350,0.0606981591470479,0.204415817381674,0.47889287136599,0.491309789748182,ecoli_lfq,FALSE,,,,,,,,,1564,1321,645,0.6719,0.8446,0.7484,,,,,,,,,,,,,,,,,,,,,,,,,,,,,,,,,
SGCB,1470,0.61,46,71,94,43,38,0.299051231059515,0.361662191049999,0.187074829931973,0.0882163015162033,sgsds_ratio2.5,FALSE,,,,,,,,,42,38,33,0.5352,0.9048,0.6726,,,,,,,,,,,,,,,,,,,,,,,,,,,,,,,,,
SGCB,1489,0.53,30,43,56,32,14,0.380269166217825,0.419287408506665,0.124244459368704,0.0699779355502546,sgsds_ratio2,FALSE,,,,,,,,,34,32,11,0.7442,0.9412,0.8312,,,,,,,,,,,,,,,,,,,,,,,,,,,,,,,,,
SGCB,1277,0.44,0,0,0,0,0,0.516973308276329,0.520631484910523,0.0360219263899765,0.204583846976824,sim_proteomics,FALSE,,,,,,,,,192,0,0,0,0,0,192,192,0,0,0,0,0,,,,,,,,,,,,,,,,,,,,,,,,,,
SGCB,9580,3.51,0,0,0,0,0,0.661210352350297,0.622069293356023,0.012839248434238,0.0345303335593632,tmt_mir,FALSE,,,,,,,,,0,0,0,0,0,0,,,,,,,,,,,,,,,,,,,,,,,,,,,,,,,,,
"",,,,,,,,,,,,"",,,,,,,,,,,,,,,,,,,,,,,,,,,,,,,,,,,,,,,,,,,,,,,,
DEqMS,1253,3.37,,0,,,,,,,,cptac,FALSE,,,,,,,,,30,0,0,,,,,,,,,,,,,,,,,,,,,,,,,,,,,0,0,0,,,,,
DEqMS,800,1.64,,7,,,,,,,,cptac_ups1,FALSE,,,,,,,,,11,7,0,,,,,,,,,,,,,,,,,,,,,,,,,,,,,1,0.6364,0.7778,,,,,
DEqMS,5022,2.2,,3156,,,,,,,,ecoli_lfq,FALSE,,,,,,,,,1564,1390,1766,,,,,,,,,,,,,,,,,,,,,,,,,,,,,0.4404,0.8887,0.589,,,,,
DEqMS,82,1.42,,0,,,,,,,,obrien_3species,FALSE,,,,,,,,,,,,,,,,,,,,,,,,,,,,,,,,,,,,,,,,,,,,,,,
DEqMS,1470,2.24,,91,,,,,,,,sgsds_ratio2.5,FALSE,,,,,,,,,42,42,49,,,,,,,,,,,,,,,,,,,,,,,,,,,,,0.4615,1,0.6316,,,,,
DEqMS,1489,2.25,,49,,,,,,,,sgsds_ratio2,FALSE,,,,,,,,,34,34,15,,,,,,,,,,,,,,,,,,,,,,,,,,,,,0.6939,1,0.8193,,,,,
DEqMS,1277,1.63,,0,,,,,,,,sim_proteomics,FALSE,,,,,,,,,192,0,0,,,,,,,,,,,,,,,,,,,,,,,,,,,,,0,0,0,,,,,
DEqMS,9580,2.59,,0,,,,,,,,tmt_mir,FALSE,,,,,,,,,,,,,,,,,,,,,,,,,,,,,,,,,,,,,,,,,,,,,,,
dv_diffVar,1253,0.48,,0,,,,,,,,cptac,FALSE,,,,,,,,,30,0,0,,,,,,,,,,,,,,,,,,,,,,,,,,,,,0,0,0,,,,,
dv_diffVar,800,0.28,,0,,,,,,,,cptac_ups1,FALSE,,,,,,,,,11,0,0,,,,,,,,,,,,,,,,,,,,,,,,,,,,,0,0,0,,,,,
dv_diffVar,5022,1.73,,0,,,,,,,,ecoli_lfq,FALSE,,,,,,,,,1564,0,0,,,,,,,,,,,,,,,,,,,,,,,,,,,,,0,0,0,,,,,
dv_diffVar,82,0.31,,5,,,,,,,,obrien_3species,FALSE,,,,,,,,,,,,,,,,,,,,,,,,,,,,,,,,,,,,,,,,,,,,,,,
dv_diffVar,1470,0.44,,0,,,,,,,,sgsds_ratio2.5,FALSE,,,,,,,,,42,0,0,,,,,,,,,,,,,,,,,,,,,,,,,,,,,0,0,0,,,,,
dv_diffVar,1489,0.3,,0,,,,,,,,sgsds_ratio2,FALSE,,,,,,,,,34,0,0,,,,,,,,,,,,,,,,,,,,,,,,,,,,,0,0,0,,,,,
dv_diffVar,1277,0.33,,0,,,,,,,,sim_proteomics,FALSE,,,,,,,,,192,0,0,,,,,,,,,,,,,,,,,,,,,,,,,,,,,0,0,0,,,,,
dv_diffVar,9580,2.61,,0,,,,,,,,tmt_mir,FALSE,,,,,,,,,,,,,,,,,,,,,,,,,,,,,,,,,,,,,,,,,,,,,,,
dv_GAMLSS,1253,24.57,,32,,,,,,,,cptac,FALSE,,,,,,,,,30,1,31,,,,,,,,,,,,,,,,,,,,,,,,,,,,,0.0312,0.0333,0.0323,,,,,
dv_GAMLSS,800,19.58,,5,,,,,,,,cptac_ups1,FALSE,,,,,,,,,11,0,5,,,,,,,,,,,,,,,,,,,,,,,,,,,,,0,0,0,,,,,
dv_GAMLSS,5022,76.95,,127,,,,,,,,ecoli_lfq,FALSE,,,,,,,,,1564,40,87,,,,,,,,,,,,,,,,,,,,,,,,,,,,,0.315,0.0256,0.0473,,,,,
dv_GAMLSS,82,2.28,,30,,,,,,,,obrien_3species,FALSE,,,,,,,,,,,,,,,,,,,,,,,,,,,,,,,,,,,,,,,,,,,,,,,
dv_GAMLSS,1470,23.66,,30,,,,,,,,sgsds_ratio2.5,FALSE,,,,,,,,,42,2,28,,,,,,,,,,,,,,,,,,,,,,,,,,,,,0.0667,0.0476,0.0556,,,,,
dv_GAMLSS,1489,35.28,,0,,,,,,,,sgsds_ratio2,FALSE,,,,,,,,,34,0,0,,,,,,,,,,,,,,,,,,,,,,,,,,,,,0,0,0,,,,,
dv_GAMLSS,1277,18.83,,46,,,,,,,,sim_proteomics,FALSE,,,,,,,,,192,7,39,,,,,,,,,,,,,,,,,,,,,,,,,,,,,0.1522,0.0365,0.0588,,,,,
dv_GAMLSS,9580,125.47,,4,,,,,,,,tmt_mir,FALSE,,,,,,,,,,,,,,,,,,,,,,,,,,,,,,,,,,,,,,,,,,,,,,,
limma,1253,0.83,,0,,,,,,,,cptac,FALSE,,,,,,,,,30,0,0,,,,,,,,,,,,,,,,,,,,,,,,,,,,,0,0,0,,,,,
limma,800,0.57,,8,,,,,,,,cptac_ups1,FALSE,,,,,,,,,11,7,1,,,,,,,,,,,,,,,,,,,,,,,,,,,,,0.875,0.6364,0.7368,,,,,
limma,5022,0.8,,3160,,,,,,,,ecoli_lfq,FALSE,,,,,,,,,1564,1395,1765,,,,,,,,,,,,,,,,,,,,,,,,,,,,,0.4415,0.8919,0.5906,,,,,
limma,82,0.28,,0,,,,,,,,obrien_3species,FALSE,,,,,,,,,,,,,,,,,,,,,,,,,,,,,,,,,,,,,,,,,,,,,,,
limma,1470,0.39,,90,,,,,,,,sgsds_ratio2.5,FALSE,,,,,,,,,42,42,48,,,,,,,,,,,,,,,,,,,,,,,,,,,,,0.4667,1,0.6364,,,,,
limma,1489,0.39,,43,,,,,,,,sgsds_ratio2,FALSE,,,,,,,,,34,34,9,,,,,,,,,,,,,,,,,,,,,,,,,,,,,0.7907,1,0.8831,,,,,
limma,1277,0.37,,0,,,,,,,,sim_proteomics,FALSE,,,,,,,,,192,0,0,,,,,,,,,,,,,,,,,,,,,,,,,,,,,0,0,0,,,,,
limma,9580,0.97,,0,,,,,,,,tmt_mir,FALSE,,,,,,,,,,,,,,,,,,,,,,,,,,,,,,,,,,,,,,,,,,,,,,,
msqrob2,1253,26.53,,0,,,,,,,,cptac,FALSE,,,,,,,,,30,0,0,,,,,,,,,,,,,,,,,,,,,,,,,,,,,0,0,0,,,,,
msqrob2,800,27.71,,6,,,,,,,,cptac_ups1,FALSE,,,,,,,,,11,6,0,,,,,,,,,,,,,,,,,,,,,,,,,,,,,1,0.5455,0.7059,,,,,
msqrob2,5022,38.02,,3126,,,,,,,,ecoli_lfq,FALSE,,,,,,,,,1564,1394,1732,,,,,,,,,,,,,,,,,,,,,,,,,,,,,0.4459,0.8913,0.5945,,,,,
msqrob2,82,25.72,,0,,,,,,,,obrien_3species,FALSE,,,,,,,,,,,,,,,,,,,,,,,,,,,,,,,,,,,,,,,,,,,,,,,
msqrob2,1470,33.14,,83,,,,,,,,sgsds_ratio2.5,FALSE,,,,,,,,,42,41,42,,,,,,,,,,,,,,,,,,,,,,,,,,,,,0.494,0.9762,0.656,,,,,
msqrob2,1489,37.77,,42,,,,,,,,sgsds_ratio2,FALSE,,,,,,,,,34,33,9,,,,,,,,,,,,,,,,,,,,,,,,,,,,,0.7857,0.9706,0.8684,,,,,
msqrob2,1277,26.6,,0,,,,,,,,sim_proteomics,FALSE,,,,,,,,,192,0,0,,,,,,,,,,,,,,,,,,,,,,,,,,,,,0,0,0,,,,,
msqrob2,9580,55,,0,,,,,,,,tmt_mir,FALSE,,,,,,,,,,,,,,,,,,,,,,,,,,,,,,,,,,,,,,,,,,,,,,,
MSstats,1253,10.33,,0,,,,,,,,cptac,FALSE,,,,,,,,,30,0,0,,,,,,,,,,,,,,,,,,,,,,,,,,,,,0,0,0,,,,,
MSstats,800,9.28,,4,,,,,,,,cptac_ups1,FALSE,,,,,,,,,11,4,0,,,,,,,,,,,,,,,,,,,,,,,,,,,,,1,0.3636,0.5333,,,,,
MSstats,5022,4.38,,3077,,,,,,,,ecoli_lfq,FALSE,,,,,,,,,1564,1370,1707,,,,,,,,,,,,,,,,,,,,,,,,,,,,,0.4452,0.876,0.5904,,,,,
MSstats,82,4.53,,0,,,,,,,,obrien_3species,FALSE,,,,,,,,,,,,,,,,,,,,,,,,,,,,,,,,,,,,,,,,,,,,,,,
MSstats,1470,4.56,,101,,,,,,,,sgsds_ratio2.5,FALSE,,,,,,,,,42,39,62,,,,,,,,,,,,,,,,,,,,,,,,,,,,,0.3861,0.9286,0.5455,,,,,
MSstats,1489,9.82,,67,,,,,,,,sgsds_ratio2,FALSE,,,,,,,,,34,33,34,,,,,,,,,,,,,,,,,,,,,,,,,,,,,0.4925,0.9706,0.6535,,,,,
MSstats,1277,4.46,,0,,,,,,,,sim_proteomics,FALSE,,,,,,,,,192,0,0,,,,,,,,,,,,,,,,,,,,,,,,,,,,,0,0,0,,,,,
MSstats,9580,4.25,,0,,,,,,,,tmt_mir,FALSE,,,,,,,,,,,,,,,,,,,,,,,,,,,,,,,,,,,,,,,,,,,,,,,
proDA,1253,56.3,,0,,,,,,,,cptac,FALSE,,,,,,,,,30,0,0,,,,,,,,,,,,,,,,,,,,,,,,,,,,,0,0,0,,,,,
proDA,800,21.61,,0,,,,,,,,cptac_ups1,FALSE,,,,,,,,,11,0,0,,,,,,,,,,,,,,,,,,,,,,,,,,,,,0,0,0,,,,,
proDA,5022,104.86,,2554,,,,,,,,ecoli_lfq,FALSE,,,,,,,,,1564,1295,1259,,,,,,,,,,,,,,,,,,,,,,,,,,,,,0.507,0.828,0.6289,,,,,
proDA,82,15.85,,0,,,,,,,,obrien_3species,FALSE,,,,,,,,,,,,,,,,,,,,,,,,,,,,,,,,,,,,,,,,,,,,,,,
proDA,1470,36.38,,55,,,,,,,,sgsds_ratio2.5,FALSE,,,,,,,,,42,40,15,,,,,,,,,,,,,,,,,,,,,,,,,,,,,0.7273,0.9524,0.8247,,,,,
proDA,1489,35.68,,31,,,,,,,,sgsds_ratio2,FALSE,,,,,,,,,34,31,0,,,,,,,,,,,,,,,,,,,,,,,,,,,,,1,0.9118,0.9538,,,,,
proDA,1277,44.94,,0,,,,,,,,sim_proteomics,FALSE,,,,,,,,,192,0,0,,,,,,,,,,,,,,,,,,,,,,,,,,,,,0,0,0,,,,,
proDA,9580,461.3,,0,,,,,,,,tmt_mir,FALSE,,,,,,,,,,,,,,,,,,,,,,,,,,,,,,,,,,,,,,,,,,,,,,,
prolfqua,1253,9.48,,3,,,,,,,,cptac,FALSE,,,,,,,,,30,0,3,,,,,,,,,,,,,,,,,,,,,,,,,,,,,0,0,0,,,,,
prolfqua,800,4.79,,0,,,,,,,,cptac_ups1,FALSE,,,,,,,,,11,0,0,,,,,,,,,,,,,,,,,,,,,,,,,,,,,0,0,0,,,,,
prolfqua,5022,42.15,,2641,,,,,,,,ecoli_lfq,FALSE,,,,,,,,,1564,1250,1391,,,,,,,,,,,,,,,,,,,,,,,,,,,,,0.4733,0.7992,0.5945,,,,,
prolfqua,82,1.34,,0,,,,,,,,obrien_3species,FALSE,,,,,,,,,,,,,,,,,,,,,,,,,,,,,,,,,,,,,,,,,,,,,,,
prolfqua,1470,13.23,,84,,,,,,,,sgsds_ratio2.5,FALSE,,,,,,,,,42,40,44,,,,,,,,,,,,,,,,,,,,,,,,,,,,,0.4762,0.9524,0.6349,,,,,
prolfqua,1489,12.3,,46,,,,,,,,sgsds_ratio2,FALSE,,,,,,,,,34,29,17,,,,,,,,,,,,,,,,,,,,,,,,,,,,,0.6304,0.8529,0.725,,,,,
prolfqua,1277,8.18,,3,,,,,,,,sim_proteomics,FALSE,,,,,,,,,192,2,1,,,,,,,,,,,,,,,,,,,,,,,,,,,,,0.6667,0.0104,0.0205,,,,,
prolfqua,9580,60.25,,1,,,,,,,,tmt_mir,FALSE,,,,,,,,,,,,,,,,,,,,,,,,,,,,,,,,,,,,,,,,,,,,,,,
ROTS,1253,20.03,,0,,,,,,,,cptac,FALSE,,,,,,,,,30,0,0,,,,,,,,,,,,,,,,,,,,,,,,,,,,,0,0,0,,,,,
ROTS,800,13.56,,0,,,,,,,,cptac_ups1,FALSE,,,,,,,,,11,0,0,,,,,,,,,,,,,,,,,,,,,,,,,,,,,0,0,0,,,,,
ROTS,5022,107.72,,0,,,,,,,,ecoli_lfq,FALSE,,,,,,,,,1564,0,0,,,,,,,,,,,,,,,,,,,,,,,,,,,,,0,0,0,,,,,
ROTS,82,4.63,,0,,,,,,,,obrien_3species,FALSE,,,,,,,,,,,,,,,,,,,,,,,,,,,,,,,,,,,,,,,,,,,,,,,
ROTS,1470,23.4,,0,,,,,,,,sgsds_ratio2.5,FALSE,,,,,,,,,42,0,0,,,,,,,,,,,,,,,,,,,,,,,,,,,,,0,0,0,,,,,
ROTS,1489,23.94,,0,,,,,,,,sgsds_ratio2,FALSE,,,,,,,,,34,0,0,,,,,,,,,,,,,,,,,,,,,,,,,,,,,0,0,0,,,,,
ROTS,1277,19.67,,0,,,,,,,,sim_proteomics,FALSE,,,,,,,,,192,0,0,,,,,,,,,,,,,,,,,,,,,,,,,,,,,0,0,0,,,,,
ROTS,9580,174.11,,0,,,,,,,,tmt_mir,FALSE,,,,,,,,,,,,,,,,,,,,,,,,,,,,,,,,,,,,,,,,,,,,,,,
ttest,1253,0.41,,0,,,,,,,,cptac,FALSE,,,,,,,,,30,0,0,,,,,,,,,,,,,,,,,,,,,,,,,,,,,0,0,0,,,,,
ttest,800,0.23,,0,,,,,,,,cptac_ups1,FALSE,,,,,,,,,11,0,0,,,,,,,,,,,,,,,,,,,,,,,,,,,,,0,0,0,,,,,
ttest,5022,2.17,,1943,,,,,,,,ecoli_lfq,FALSE,,,,,,,,,1564,1036,907,,,,,,,,,,,,,,,,,,,,,,,,,,,,,0.5332,0.6624,0.5908,,,,,
ttest,82,0.13,,0,,,,,,,,obrien_3species,FALSE,,,,,,,,,,,,,,,,,,,,,,,,,,,,,,,,,,,,,,,,,,,,,,,
ttest,1470,0.39,,41,,,,,,,,sgsds_ratio2.5,FALSE,,,,,,,,,42,34,7,,,,,,,,,,,,,,,,,,,,,,,,,,,,,0.8293,0.8095,0.8193,,,,,
ttest,1489,0.33,,21,,,,,,,,sgsds_ratio2,FALSE,,,,,,,,,34,18,3,,,,,,,,,,,,,,,,,,,,,,,,,,,,,0.8571,0.5294,0.6545,,,,,
ttest,1277,0.35,,0,,,,,,,,sim_proteomics,FALSE,,,,,,,,,192,0,0,,,,,,,,,,,,,,,,,,,,,,,,,,,,,0,0,0,,,,,
ttest,9580,2.97,,0,,,,,,,,tmt_mir,FALSE,,,,,,,,,,,,,,,,,,,,,,,,,,,,,,,,,,,,,,,,,,,,,,,
