item	manuscript_location	claim_or_metric	result_file	result_sha256	analysis_script	analysis_sha256	figure_script	figure_sha256	data_file	data_sha256	archive_release
Figure 1	Main Figure 1	SGCB workflow and channel hierarchy	reproducibility/outputs/Fig1_overview.png	84a4bf12d98653311891124088fd569d983e25517f2fdd0ea50667a6ea1fd1d1							SGCB v0.4.1; https://github.com/aeqby770/SGCB/releases/download/v0.4.1/SGCB_code_data_release_0.4.1.zip
Figure 2	Main Figure 2	Calibration and null-FDR behavior	reproducibility/outputs/Fig2_calibration.png	85b721c162e4481ba6ac6aba58c2d6e8b502107263a5c8dea3be73c98a89fdac	reproducibility/scripts/analysis/01_bulk_rnaseq/01_runner_sgcb_bulk.R; reproducibility/scripts/analysis/01_bulk_rnaseq/02_runner_other_bulk.R; reproducibility/scripts/analysis/04_multimodal_aggregation/03_extract_null_pvalues.R	ed93d32e6a98487c7e63cee236ba3f50d576fa1e793bbcdf5bed58881547fb02; c05c993e927fabd660ec2b7f54a75a51715683f83e49485b2bd423bd724f2077; 02fc84432dedea5c6c8535e2e2167ae6eb8006f57d9fc0c28bb85d5a0ec737b9	reproducibility/scripts/figures/37b_v5_publication_figures.R	b045c1988b8c553c7976dd0a96fb4a28515a3e56b4eb591f788fd5f8b16c1663	https://github.com/aeqby770/SGCB/releases/download/v0.4.1/SGCB_code_data_release_0.4.1.zip::code_data_release/data/paper_data_v2/bulk_null_fdr.csv; https://github.com/aeqby770/SGCB/releases/download/v0.4.1/SGCB_code_data_release_0.4.1.zip::code_data_release/data/paper_data_v2/bulk_null_pvalues.csv.gz	3353d91c93fa9c623030cf61b75a7daa9b4ba5b842e6babaee966763173db201; 5b55bfcba364178246e5fdc81d6d063ace1f1aa70600a6d3d6d232bc65c91fa7	SGCB v0.4.1; https://github.com/aeqby770/SGCB/releases/download/v0.4.1/SGCB_code_data_release_0.4.1.zip
Figure 3	Main Figure 3	Cross-modality differential-analysis comparison	reproducibility/outputs/Fig3_multiomics.png	bead25645428b4e69b502be3a623c7dafb67cd008b4e84250469c9aad3e22598	reproducibility/scripts/analysis/02_scrna_pseudobulk/02_runner_sgcb_scrna.R; reproducibility/scripts/analysis/02_scrna_pseudobulk/03_runner_other_scrna.R; reproducibility/scripts/analysis/03_proteomics/07_runner_sgcb_prot.R; reproducibility/scripts/analysis/03_proteomics/08_runner_other_prot.R; reproducibility/scripts/analysis/04_multimodal_aggregation/02_aggregate_paper_tables.R	efa8ae721226b0534cb9c41a12530c312ba9e77676524a01bb66a99711e419e9; 25627c2d2c126addb3a4a9299d27596883b399029fea9a2782be51c506b5ca45; 6c16756c4ca9ae007dc23ba0bf4ef59e0d4dd8d4c6659ba11f31da7b9dd6a871; 211eed22a38982320b44509876ba8ab9b7901107640dbbf397ca23a5fb1a3dd6; 488a05d38ad97b091f36d4ca196c9a6ef41211387d1bc9b595fffecec5c1ca8c	reproducibility/scripts/figures/37b_v5_publication_figures.R	b045c1988b8c553c7976dd0a96fb4a28515a3e56b4eb591f788fd5f8b16c1663	https://github.com/aeqby770/SGCB/releases/download/v0.4.1/SGCB_code_data_release_0.4.1.zip::code_data_release/data/paper_data_v2/pseudobulk_de.csv; https://github.com/aeqby770/SGCB/releases/download/v0.4.1/SGCB_code_data_release_0.4.1.zip::code_data_release/data/paper_data_v2/proteomics_de.csv; https://github.com/aeqby770/SGCB/releases/download/v0.4.1/SGCB_code_data_release_0.4.1.zip::code_data_release/data/paper_data_v2/pseudobulk_null.csv; https://github.com/aeqby770/SGCB/releases/download/v0.4.1/SGCB_code_data_release_0.4.1.zip::code_data_release/data/paper_data_v2/proteomics_null.csv	c65537cf7ed2a9d15bd671e0666d222ef733792c5f4193bc61fa6205794868d6; 5d236510068154f4c398d9fbc04352aab1690c18e7306eb099f27d40b5f52d9c; 8a8a7d18058d55f5c7e5aaf3f660588c4544886da0bb5ad1fc2cfbca7e902c2c; aad7d07caa67eae12ee2b26268b21957c61ab6c1a6695a007c887aaca8e776e7	SGCB v0.4.1; https://github.com/aeqby770/SGCB/releases/download/v0.4.1/SGCB_code_data_release_0.4.1.zip
Figure 4	Main Figure 4	TCGA-KIRC channel signatures and adjusted survival	reproducibility/outputs/Fig4_tcga_kirc.png	9d4fee05848b21714e7c35b26f721c92d3b163018be861aa24ac38b58a67e8dc	reproducibility/scripts/analysis/05_tcga_kirc/01_compute_channels_and_go.R; reproducibility/scripts/analysis/05_tcga_kirc/02_dv_survival_analysis.R; reproducibility/scripts/analysis/05_tcga_kirc/03_clinical_extended_analysis.R	2b940f3212bf276a191126b6ec8a9fbdfc93adafdea0d04eca669c3e7d323df7; dccc3b3393b847af6b1ec6e96f644528a57e77652242c74614d91f11acab3ebe; fd830d97970632ab93bc424aa0e8040fe9f743d599df566139ca9dec5c15428d	reproducibility/scripts/figures/37c_v5_publication_figures.R; reproducibility/scripts/figures/37d_v5_redesign.R	bb2bfca469e4d624db5c4cb410a2ead5cb379929c2d2e342eea24ee119e79512; d440ab780f334379970c6b60fcccfa23c8e591dfe14f00361167f217de5a88f6	https://github.com/aeqby770/SGCB/releases/download/v0.4.1/SGCB_code_data_release_0.4.1.zip::code_data_release/data/paper_data_v2/tcga_kirc_sgcb_channels.csv; https://github.com/aeqby770/SGCB/releases/download/v0.4.1/SGCB_code_data_release_0.4.1.zip::code_data_release/data/methodology_test_results/tcga_kirc_clinical_extended_summary.csv	66cc5eccfddb75d5688598683d689bcc7fe1cfae4098999c0a26d57bc8d0da52; c9334fd09c662e2ccc296fa92988fa4ad737e488f9f2eb1d36287048246cd25f	SGCB v0.4.1; https://github.com/aeqby770/SGCB/releases/download/v0.4.1/SGCB_code_data_release_0.4.1.zip
Table I	Main Table I	Benchmark overview across datasets and modalities	reproducibility/outputs/Table_I_benchmark_overview.csv	3840bb010f009e4298bc2df715118b6c67f348381c2fac3840982bcfde76c1f4	reproducibility/scripts/analysis/04_multimodal_aggregation/02_aggregate_paper_tables.R	488a05d38ad97b091f36d4ca196c9a6ef41211387d1bc9b595fffecec5c1ca8c			https://github.com/aeqby770/SGCB/releases/download/v0.4.1/SGCB_code_data_release_0.4.1.zip::code_data_release/data/paper_data_v2/paper_data_manifest.csv	b1b9f6fb5c4774bc010eb90bda91465f5b2abb841cfb99df97288fbb717656f2	SGCB v0.4.1; https://github.com/aeqby770/SGCB/releases/download/v0.4.1/SGCB_code_data_release_0.4.1.zip
Table II	Main Table II	SEQC/MAQC-III external validation	reproducibility/outputs/Table_II_seqc.csv	eb98221f08d39963e41586221b7ba08f2c7e675ef78bd2e15880a2223777bde2	reproducibility/scripts/analysis/01_bulk_rnaseq/01_runner_sgcb_bulk.R; reproducibility/scripts/analysis/01_bulk_rnaseq/02_runner_other_bulk.R	ed93d32e6a98487c7e63cee236ba3f50d576fa1e793bbcdf5bed58881547fb02; c05c993e927fabd660ec2b7f54a75a51715683f83e49485b2bd423bd724f2077			https://github.com/aeqby770/SGCB/releases/download/v0.4.1/SGCB_code_data_release_0.4.1.zip::code_data_release/data/paper_data_v2/bulk_seqc.csv	eb98221f08d39963e41586221b7ba08f2c7e675ef78bd2e15880a2223777bde2	SGCB v0.4.1; https://github.com/aeqby770/SGCB/releases/download/v0.4.1/SGCB_code_data_release_0.4.1.zip
Table III	Main Table III	GTEx brain DV yield and ten-split null FDR; SGCB detections use n_dv_fdr_call and comparator detections use n_sig_fdr5	reproducibility/outputs/Table_III_dv_sgcb.csv; reproducibility/outputs/Table_III_dv_baselines.csv; reproducibility/outputs/Table_III_dv_null_fdr.csv	e8b69e8570ab35136eebf665abdbe37ad002b6f12c781e6a826870249e91a6cf; 5dcd5bb745462b33c85ee35b03a3049ac2518cb9c7796954d4361e0e0c625e1d; 6f35020d95fd365b94e0ed1a21e457451087a6135967cc90748aab79578c35c4	reproducibility/scripts/analysis/01_bulk_rnaseq/03_runner_bulk_benchmark.R; reproducibility/scripts/analysis/04_multimodal_aggregation/02_aggregate_paper_tables.R	f2c0063f5af08098460d260771943f2cdbcc2b52f94da4384c4c87a94cf5c4c3; 488a05d38ad97b091f36d4ca196c9a6ef41211387d1bc9b595fffecec5c1ca8c			https://github.com/aeqby770/SGCB/releases/download/v0.4.1/SGCB_code_data_release_0.4.1.zip::code_data_release/data/paper_data_v2/bulk_dv_sgcb.csv; https://github.com/aeqby770/SGCB/releases/download/v0.4.1/SGCB_code_data_release_0.4.1.zip::code_data_release/data/paper_data_v2/bulk_dv_baselines.csv; https://github.com/aeqby770/SGCB/releases/download/v0.4.1/SGCB_code_data_release_0.4.1.zip::code_data_release/data/full_sgcb_results/null_fdr__1.csv; https://github.com/aeqby770/SGCB/releases/download/v0.4.1/SGCB_code_data_release_0.4.1.zip::code_data_release/data/full_sgcb_results/null_fdr__2.csv; https://github.com/aeqby770/SGCB/releases/download/v0.4.1/SGCB_code_data_release_0.4.1.zip::code_data_release/data/full_sgcb_results/null_fdr__3.csv; https://github.com/aeqby770/SGCB/releases/download/v0.4.1/SGCB_code_data_release_0.4.1.zip::code_data_release/data/full_sgcb_results/null_fdr__4.csv; https://github.com/aeqby770/SGCB/releases/download/v0.4.1/SGCB_code_data_release_0.4.1.zip::code_data_release/data/full_sgcb_results/null_fdr__5.csv; https://github.com/aeqby770/SGCB/releases/download/v0.4.1/SGCB_code_data_release_0.4.1.zip::code_data_release/data/full_sgcb_results/null_fdr__6.csv; https://github.com/aeqby770/SGCB/releases/download/v0.4.1/SGCB_code_data_release_0.4.1.zip::code_data_release/data/full_sgcb_results/null_fdr__7.csv; https://github.com/aeqby770/SGCB/releases/download/v0.4.1/SGCB_code_data_release_0.4.1.zip::code_data_release/data/full_sgcb_results/null_fdr__8.csv; https://github.com/aeqby770/SGCB/releases/download/v0.4.1/SGCB_code_data_release_0.4.1.zip::code_data_release/data/full_sgcb_results/null_fdr__9.csv; https://github.com/aeqby770/SGCB/releases/download/v0.4.1/SGCB_code_data_release_0.4.1.zip::code_data_release/data/full_sgcb_results/null_fdr__10.csv; https://github.com/aeqby770/SGCB/releases/download/v0.4.1/SGCB_code_data_release_0.4.1.zip::code_data_release/data/full_bulk_other_method_results/dv_clrDV__null_fdr__1.csv; https://github.com/aeqby770/SGCB/releases/download/v0.4.1/SGCB_code_data_release_0.4.1.zip::code_data_release/data/full_bulk_other_method_results/dv_clrDV__null_fdr__2.csv; https://github.com/aeqby770/SGCB/releases/download/v0.4.1/SGCB_code_data_release_0.4.1.zip::code_data_release/data/full_bulk_other_method_results/dv_clrDV__null_fdr__3.csv; https://github.com/aeqby770/SGCB/releases/download/v0.4.1/SGCB_code_data_release_0.4.1.zip::code_data_release/data/full_bulk_other_method_results/dv_clrDV__null_fdr__4.csv; https://github.com/aeqby770/SGCB/releases/download/v0.4.1/SGCB_code_data_release_0.4.1.zip::code_data_release/data/full_bulk_other_method_results/dv_clrDV__null_fdr__5.csv; https://github.com/aeqby770/SGCB/releases/download/v0.4.1/SGCB_code_data_release_0.4.1.zip::code_data_release/data/full_bulk_other_method_results/dv_clrDV__null_fdr__6.csv; https://github.com/aeqby770/SGCB/releases/download/v0.4.1/SGCB_code_data_release_0.4.1.zip::code_data_release/data/full_bulk_other_method_results/dv_clrDV__null_fdr__7.csv; https://github.com/aeqby770/SGCB/releases/download/v0.4.1/SGCB_code_data_release_0.4.1.zip::code_data_release/data/full_bulk_other_method_results/dv_clrDV__null_fdr__8.csv; https://github.com/aeqby770/SGCB/releases/download/v0.4.1/SGCB_code_data_release_0.4.1.zip::code_data_release/data/full_bulk_other_method_results/dv_clrDV__null_fdr__9.csv; https://github.com/aeqby770/SGCB/releases/download/v0.4.1/SGCB_code_data_release_0.4.1.zip::code_data_release/data/full_bulk_other_method_results/dv_clrDV__null_fdr__10.csv; https://github.com/aeqby770/SGCB/releases/download/v0.4.1/SGCB_code_data_release_0.4.1.zip::code_data_release/data/full_bulk_other_method_results/dv_MDSeq__null_fdr__1.csv; https://github.com/aeqby770/SGCB/releases/download/v0.4.1/SGCB_code_data_release_0.4.1.zip::code_data_release/data/full_bulk_other_method_results/dv_MDSeq__null_fdr__2.csv; https://github.com/aeqby770/SGCB/releases/download/v0.4.1/SGCB_code_data_release_0.4.1.zip::code_data_release/data/full_bulk_other_method_results/dv_MDSeq__null_fdr__3.csv; https://github.com/aeqby770/SGCB/releases/download/v0.4.1/SGCB_code_data_release_0.4.1.zip::code_data_release/data/full_bulk_other_method_results/dv_MDSeq__null_fdr__4.csv; https://github.com/aeqby770/SGCB/releases/download/v0.4.1/SGCB_code_data_release_0.4.1.zip::code_data_release/data/full_bulk_other_method_results/dv_MDSeq__null_fdr__5.csv; https://github.com/aeqby770/SGCB/releases/download/v0.4.1/SGCB_code_data_release_0.4.1.zip::code_data_release/data/full_bulk_other_method_results/dv_MDSeq__null_fdr__6.csv; https://github.com/aeqby770/SGCB/releases/download/v0.4.1/SGCB_code_data_release_0.4.1.zip::code_data_release/data/full_bulk_other_method_results/dv_MDSeq__null_fdr__7.csv; https://github.com/aeqby770/SGCB/releases/download/v0.4.1/SGCB_code_data_release_0.4.1.zip::code_data_release/data/full_bulk_other_method_results/dv_MDSeq__null_fdr__8.csv; https://github.com/aeqby770/SGCB/releases/download/v0.4.1/SGCB_code_data_release_0.4.1.zip::code_data_release/data/full_bulk_other_method_results/dv_MDSeq__null_fdr__9.csv; https://github.com/aeqby770/SGCB/releases/download/v0.4.1/SGCB_code_data_release_0.4.1.zip::code_data_release/data/full_bulk_other_method_results/dv_MDSeq__null_fdr__10.csv; https://github.com/aeqby770/SGCB/releases/download/v0.4.1/SGCB_code_data_release_0.4.1.zip::code_data_release/data/full_bulk_other_method_results/dv_diffVar__null_fdr__1.csv; https://github.com/aeqby770/SGCB/releases/download/v0.4.1/SGCB_code_data_release_0.4.1.zip::code_data_release/data/full_bulk_other_method_results/dv_diffVar__null_fdr__2.csv; https://github.com/aeqby770/SGCB/releases/download/v0.4.1/SGCB_code_data_release_0.4.1.zip::code_data_release/data/full_bulk_other_method_results/dv_diffVar__null_fdr__3.csv; https://github.com/aeqby770/SGCB/releases/download/v0.4.1/SGCB_code_data_release_0.4.1.zip::code_data_release/data/full_bulk_other_method_results/dv_diffVar__null_fdr__4.csv; https://github.com/aeqby770/SGCB/releases/download/v0.4.1/SGCB_code_data_release_0.4.1.zip::code_data_release/data/full_bulk_other_method_results/dv_diffVar__null_fdr__5.csv; https://github.com/aeqby770/SGCB/releases/download/v0.4.1/SGCB_code_data_release_0.4.1.zip::code_data_release/data/full_bulk_other_method_results/dv_diffVar__null_fdr__6.csv; https://github.com/aeqby770/SGCB/releases/download/v0.4.1/SGCB_code_data_release_0.4.1.zip::code_data_release/data/full_bulk_other_method_results/dv_diffVar__null_fdr__7.csv; https://github.com/aeqby770/SGCB/releases/download/v0.4.1/SGCB_code_data_release_0.4.1.zip::code_data_release/data/full_bulk_other_method_results/dv_diffVar__null_fdr__8.csv; https://github.com/aeqby770/SGCB/releases/download/v0.4.1/SGCB_code_data_release_0.4.1.zip::code_data_release/data/full_bulk_other_method_results/dv_diffVar__null_fdr__9.csv; https://github.com/aeqby770/SGCB/releases/download/v0.4.1/SGCB_code_data_release_0.4.1.zip::code_data_release/data/full_bulk_other_method_results/dv_diffVar__null_fdr__10.csv; https://github.com/aeqby770/SGCB/releases/download/v0.4.1/SGCB_code_data_release_0.4.1.zip::code_data_release/data/full_bulk_other_method_results/dv_GAMLSS__null_fdr__1.csv; https://github.com/aeqby770/SGCB/releases/download/v0.4.1/SGCB_code_data_release_0.4.1.zip::code_data_release/data/full_bulk_other_method_results/dv_GAMLSS__null_fdr__2.csv; https://github.com/aeqby770/SGCB/releases/download/v0.4.1/SGCB_code_data_release_0.4.1.zip::code_data_release/data/full_bulk_other_method_results/dv_GAMLSS__null_fdr__3.csv; https://github.com/aeqby770/SGCB/releases/download/v0.4.1/SGCB_code_data_release_0.4.1.zip::code_data_release/data/full_bulk_other_method_results/dv_GAMLSS__null_fdr__4.csv; https://github.com/aeqby770/SGCB/releases/download/v0.4.1/SGCB_code_data_release_0.4.1.zip::code_data_release/data/full_bulk_other_method_results/dv_GAMLSS__null_fdr__5.csv; https://github.com/aeqby770/SGCB/releases/download/v0.4.1/SGCB_code_data_release_0.4.1.zip::code_data_release/data/full_bulk_other_method_results/dv_GAMLSS__null_fdr__6.csv; https://github.com/aeqby770/SGCB/releases/download/v0.4.1/SGCB_code_data_release_0.4.1.zip::code_data_release/data/full_bulk_other_method_results/dv_GAMLSS__null_fdr__7.csv; https://github.com/aeqby770/SGCB/releases/download/v0.4.1/SGCB_code_data_release_0.4.1.zip::code_data_release/data/full_bulk_other_method_results/dv_GAMLSS__null_fdr__8.csv; https://github.com/aeqby770/SGCB/releases/download/v0.4.1/SGCB_code_data_release_0.4.1.zip::code_data_release/data/full_bulk_other_method_results/dv_GAMLSS__null_fdr__9.csv; https://github.com/aeqby770/SGCB/releases/download/v0.4.1/SGCB_code_data_release_0.4.1.zip::code_data_release/data/full_bulk_other_method_results/dv_GAMLSS__null_fdr__10.csv	e8b69e8570ab35136eebf665abdbe37ad002b6f12c781e6a826870249e91a6cf; 5dcd5bb745462b33c85ee35b03a3049ac2518cb9c7796954d4361e0e0c625e1d; 6f35020d95fd365b94e0ed1a21e457451087a6135967cc90748aab79578c35c4	SGCB v0.4.1; https://github.com/aeqby770/SGCB/releases/download/v0.4.1/SGCB_code_data_release_0.4.1.zip
Table IV	Main Table IV	Runtime comparison	reproducibility/outputs/Table_IV_runtime.csv	0e42d0140caaa53887757002f1f43266ae5f02d3db2c9352d0dc36357ca0d881							SGCB v0.4.1; https://github.com/aeqby770/SGCB/releases/download/v0.4.1/SGCB_code_data_release_0.4.1.zip
Figure S1	Supplementary Figure S1	TCGA-KIRC channel decomposition	reproducibility/outputs/FigS1_tcga_kirc_manhattan.pdf	2ddff91c8012b3c7c5a8e8b4f920a749e9f018100b64c234d25a9995818fe6d2	reproducibility/scripts/analysis/05_tcga_kirc/01_compute_channels_and_go.R	2b940f3212bf276a191126b6ec8a9fbdfc93adafdea0d04eca669c3e7d323df7	reproducibility/scripts/figures/37c_v5_publication_figures.R	bb2bfca469e4d624db5c4cb410a2ead5cb379929c2d2e342eea24ee119e79512	https://github.com/aeqby770/SGCB/releases/download/v0.4.1/SGCB_code_data_release_0.4.1.zip::code_data_release/data/paper_data_v2/tcga_kirc_sgcb_channels.csv	66cc5eccfddb75d5688598683d689bcc7fe1cfae4098999c0a26d57bc8d0da52	SGCB v0.4.1; https://github.com/aeqby770/SGCB/releases/download/v0.4.1/SGCB_code_data_release_0.4.1.zip
Figure S2	Supplementary Figure S2	TCGA-KIRC representative channel profiles	reproducibility/outputs/FigS2_tcga_kirc_gene_boxplots.pdf	8047b396c034a97b2925a5fdfdfeb4dae24eb94ba8aa9847e0db9ddd37a4c2d8	reproducibility/scripts/analysis/05_tcga_kirc/01_compute_channels_and_go.R	2b940f3212bf276a191126b6ec8a9fbdfc93adafdea0d04eca669c3e7d323df7	reproducibility/scripts/figures/37c_v5_publication_figures.R	bb2bfca469e4d624db5c4cb410a2ead5cb379929c2d2e342eea24ee119e79512	https://github.com/aeqby770/SGCB/releases/download/v0.4.1/SGCB_code_data_release_0.4.1.zip::code_data_release/data/paper_data_v2/tcga_kirc_sgcb_channels.csv	66cc5eccfddb75d5688598683d689bcc7fe1cfae4098999c0a26d57bc8d0da52	SGCB v0.4.1; https://github.com/aeqby770/SGCB/releases/download/v0.4.1/SGCB_code_data_release_0.4.1.zip
Figure S3	Supplementary Figure S3	Pan-cancer channel composition	reproducibility/outputs/FigS3_pan_cancer_channels.pdf	6c63e34b4fd28d33a166a29b41f0ca1278f118a90980abd748411fda802207cb	reproducibility/scripts/analysis/05_tcga_kirc/01_compute_channels_and_go.R	2b940f3212bf276a191126b6ec8a9fbdfc93adafdea0d04eca669c3e7d323df7	reproducibility/scripts/figures/37c_v5_publication_figures.R	bb2bfca469e4d624db5c4cb410a2ead5cb379929c2d2e342eea24ee119e79512	https://github.com/aeqby770/SGCB/releases/download/v0.4.1/SGCB_code_data_release_0.4.1.zip::code_data_release/data/paper_data_v2/tcga_pan_cancer_sgcb_channels.csv	a0acfc94e4a2961d2669a9fba294d638f48fc36fc633b41ec79760b421520988	SGCB v0.4.1; https://github.com/aeqby770/SGCB/releases/download/v0.4.1/SGCB_code_data_release_0.4.1.zip
Figure S4	Supplementary Figure S4	Null calibration and robustness checks	reproducibility/outputs/FigS4_reviewer_checks.pdf	842a23ad4150fa5ef83f44f6e7eabce63f298ec50e4db8fcb32d51148d5a395d	reproducibility/scripts/analysis/06_methodology_checks/01_reviewer_robustness.R	c2ca2843f5a418ea36aea7b9aca302c75b04dac68391df6fc029075648bc9b69	reproducibility/scripts/figures/37c_v5_publication_figures.R	bb2bfca469e4d624db5c4cb410a2ead5cb379929c2d2e342eea24ee119e79512	https://github.com/aeqby770/SGCB/releases/download/v0.4.1/SGCB_code_data_release_0.4.1.zip::code_data_release/data/reviewer_checks/00_reviewer_checks_summary.csv; https://github.com/aeqby770/SGCB/releases/download/v0.4.1/SGCB_code_data_release_0.4.1.zip::code_data_release/data/reviewer_checks/A_null_channel_fpr_replicates.csv; https://github.com/aeqby770/SGCB/releases/download/v0.4.1/SGCB_code_data_release_0.4.1.zip::code_data_release/data/reviewer_checks/A_null_channel_fpr_summary.csv; https://github.com/aeqby770/SGCB/releases/download/v0.4.1/SGCB_code_data_release_0.4.1.zip::code_data_release/data/reviewer_checks/B_dose_response_monotonicity.csv; https://github.com/aeqby770/SGCB/releases/download/v0.4.1/SGCB_code_data_release_0.4.1.zip::code_data_release/data/reviewer_checks/B_dose_response_replicates.csv; https://github.com/aeqby770/SGCB/releases/download/v0.4.1/SGCB_code_data_release_0.4.1.zip::code_data_release/data/reviewer_checks/B_dose_response_summary.csv; https://github.com/aeqby770/SGCB/releases/download/v0.4.1/SGCB_code_data_release_0.4.1.zip::code_data_release/data/reviewer_checks/B_threelayer_metrics_replicates.csv; https://github.com/aeqby770/SGCB/releases/download/v0.4.1/SGCB_code_data_release_0.4.1.zip::code_data_release/data/reviewer_checks/B_threelayer_metrics_summary.csv; https://github.com/aeqby770/SGCB/releases/download/v0.4.1/SGCB_code_data_release_0.4.1.zip::code_data_release/data/reviewer_checks/C_pan_cancer_dd_only_recurrent_rank.csv; https://github.com/aeqby770/SGCB/releases/download/v0.4.1/SGCB_code_data_release_0.4.1.zip::code_data_release/data/reviewer_checks/C_pan_cancer_dd_rank_consistency.csv; https://github.com/aeqby770/SGCB/releases/download/v0.4.1/SGCB_code_data_release_0.4.1.zip::code_data_release/data/reviewer_checks/C_pan_cancer_dv_only_recurrent_rank.csv; https://github.com/aeqby770/SGCB/releases/download/v0.4.1/SGCB_code_data_release_0.4.1.zip::code_data_release/data/reviewer_checks/C_pan_cancer_dv_rank_consistency.csv; https://github.com/aeqby770/SGCB/releases/download/v0.4.1/SGCB_code_data_release_0.4.1.zip::code_data_release/data/reviewer_checks/C_pan_cancer_rank_consistency_summary.csv; https://github.com/aeqby770/SGCB/releases/download/v0.4.1/SGCB_code_data_release_0.4.1.zip::code_data_release/data/reviewer_checks/C_tcga_permutation_baseline.csv; https://github.com/aeqby770/SGCB/releases/download/v0.4.1/SGCB_code_data_release_0.4.1.zip::code_data_release/data/reviewer_checks/C_tcga_permutation_test_summary.csv; https://github.com/aeqby770/SGCB/releases/download/v0.4.1/SGCB_code_data_release_0.4.1.zip::code_data_release/data/reviewer_checks/C_tcga_split_half_repro.csv; https://github.com/aeqby770/SGCB/releases/download/v0.4.1/SGCB_code_data_release_0.4.1.zip::code_data_release/data/reviewer_checks/C_tcga_split_half_repro_summary.csv; https://github.com/aeqby770/SGCB/releases/download/v0.4.1/SGCB_code_data_release_0.4.1.zip::code_data_release/data/reviewer_checks/D_shape_variance_confound_contrast.csv; https://github.com/aeqby770/SGCB/releases/download/v0.4.1/SGCB_code_data_release_0.4.1.zip::code_data_release/data/reviewer_checks/D_shape_variance_confound_replicates.csv; https://github.com/aeqby770/SGCB/releases/download/v0.4.1/SGCB_code_data_release_0.4.1.zip::code_data_release/data/reviewer_checks/D_shape_variance_confound_summary.csv; https://github.com/aeqby770/SGCB/releases/download/v0.4.1/SGCB_code_data_release_0.4.1.zip::code_data_release/data/reviewer_checks/D_subtype_imbalance_replicates.csv; https://github.com/aeqby770/SGCB/releases/download/v0.4.1/SGCB_code_data_release_0.4.1.zip::code_data_release/data/reviewer_checks/D_subtype_imbalance_summary.csv	be4ce2d1e402e34e40b5f3bfb2b184179e2998b4dbcc94e1db81eaa0c61dbf9f; c293ef81e1c219b678afa0257a4ecdcfcb8248f333d65c516ca05dcf3d0138b2; f82a6196def45d4a5d5a1b76ad0f897315318f11a97dbb740102dc25ec901e40; f50fb782fa434b1fd2c1b97900dc02dbdb22310b222feaba8fd7214d03e59662; f1aa74188c4fb1f34e6ecc2cddb7057b13b6b86021387f8dfa61995a4210694c; bd7efa177ff29c94b475d34b846665aed948e7963353e49ab331d40f4fc5b187; f03d986f371ac93fbad7fc3c51450784ff13d0a4879010659e1266683eed78d3; 75a45b676efdc31324a1caaf0dbb68c0c83f03c2e7e1ecb71dcf76d5abf592e6; 7725dc6b6e2e396000a701f1818025e6f0c6fa8a54bc29d8c1196c53b0ac251f; ff5966b2736e40dd29b841066fdbf49867a1e19b18494718483e2132845545d7; ce4a6b99fa03a03b7ca9601b1c1b07ba0b57fff0e62eb2af0ac81e09d93361ef; b962b5d3d1d9a2579861b52208e621ecb2e27a31a23139f1952c69a31bbfe2bc; a3e49991f3fe27d5455173b727a8b9cbcd61036bd0930bd03a0884cd79269cd9; 43c255852a3456882b9b5fabf14d65e186d473368e1a1cf6fb402166b496cc53; ffabdbf3dbc6e0438a1cefb4e9be6e30cdd3840128ad33801b781209256364d6; 3928300192a224065823ebc8c1dd09e5286d0748c0a254e0916037a17463ff19; a41aa3a9e2212b3deaa8f81e34e514aa3464917b331a0d3c6efaa648e1828e3c; ed198d229cfd04b4e94e55d52cebe9e5c25fa004c3771056cc96215b56bf6ae7; 66ac81266720bec3c788b3efb8f36d8ed6249805401364a4e370f5a6b121ff0c; c706ed9ae9ac7831746d1bad5b95843d45c624227715a64b5780a71f21ca3b25; 66ac81266720bec3c788b3efb8f36d8ed6249805401364a4e370f5a6b121ff0c; c706ed9ae9ac7831746d1bad5b95843d45c624227715a64b5780a71f21ca3b25	SGCB v0.4.1; https://github.com/aeqby770/SGCB/releases/download/v0.4.1/SGCB_code_data_release_0.4.1.zip
Figure S5	Supplementary Figure S5	TCGA-KIRC clinical channel signatures	reproducibility/outputs/FigS5_tcga_kirc_clinical.pdf	f23df84a598a687d1afc1a93711fe2118f810b7d468ec129b2b7e5e036c01887	reproducibility/scripts/analysis/05_tcga_kirc/02_dv_survival_analysis.R; reproducibility/scripts/analysis/05_tcga_kirc/03_clinical_extended_analysis.R	dccc3b3393b847af6b1ec6e96f644528a57e77652242c74614d91f11acab3ebe; fd830d97970632ab93bc424aa0e8040fe9f743d599df566139ca9dec5c15428d	reproducibility/scripts/figures/37c_v5_publication_figures.R; reproducibility/scripts/figures/37d_v5_redesign.R	bb2bfca469e4d624db5c4cb410a2ead5cb379929c2d2e342eea24ee119e79512; d440ab780f334379970c6b60fcccfa23c8e591dfe14f00361167f217de5a88f6	https://github.com/aeqby770/SGCB/releases/download/v0.4.1/SGCB_code_data_release_0.4.1.zip::code_data_release/data/methodology_test_results/tcga_kirc_clinical_extended_summary.csv	c9334fd09c662e2ccc296fa92988fa4ad737e488f9f2eb1d36287048246cd25f	SGCB v0.4.1; https://github.com/aeqby770/SGCB/releases/download/v0.4.1/SGCB_code_data_release_0.4.1.zip
Figure S6	Supplementary Figure S6	Simulation power benchmark	reproducibility/outputs/FigS6_simulation_power.pdf	70ef5a8f80592395a77aa6af9c731ef2b0710f17fbdfa9060c4e3128dd3febcd	reproducibility/scripts/analysis/01_bulk_rnaseq/01_runner_sgcb_bulk.R; reproducibility/scripts/analysis/01_bulk_rnaseq/02_runner_other_bulk.R	ed93d32e6a98487c7e63cee236ba3f50d576fa1e793bbcdf5bed58881547fb02; c05c993e927fabd660ec2b7f54a75a51715683f83e49485b2bd423bd724f2077	reproducibility/scripts/figures/37b_v5_publication_figures.R	b045c1988b8c553c7976dd0a96fb4a28515a3e56b4eb591f788fd5f8b16c1663	https://github.com/aeqby770/SGCB/releases/download/v0.4.1/SGCB_code_data_release_0.4.1.zip::code_data_release/data/paper_data_v2/bulk_simulation.csv	3ce9c29850067342abd058d51ef40fa064c57a184c13c434dcacbe49d0e4cf6f	SGCB v0.4.1; https://github.com/aeqby770/SGCB/releases/download/v0.4.1/SGCB_code_data_release_0.4.1.zip
Figure S7	Supplementary Figure S7	Practical operating range	reproducibility/outputs/FigS7_practical.pdf	b6ffc8aa07eb6149eae054e0afd823860f125f23d80ec407b47585d636ad278f	reproducibility/scripts/analysis/01_bulk_rnaseq/01_runner_sgcb_bulk.R; reproducibility/scripts/analysis/01_bulk_rnaseq/02_runner_other_bulk.R	ed93d32e6a98487c7e63cee236ba3f50d576fa1e793bbcdf5bed58881547fb02; c05c993e927fabd660ec2b7f54a75a51715683f83e49485b2bd423bd724f2077	reproducibility/scripts/figures/37b_v5_publication_figures.R	b045c1988b8c553c7976dd0a96fb4a28515a3e56b4eb591f788fd5f8b16c1663	https://github.com/aeqby770/SGCB/releases/download/v0.4.1/SGCB_code_data_release_0.4.1.zip::code_data_release/data/paper_data_v2/bulk_classic.csv; https://github.com/aeqby770/SGCB/releases/download/v0.4.1/SGCB_code_data_release_0.4.1.zip::code_data_release/data/paper_data_v2/bulk_large_scale.csv	2a43188e0355f99708b4656f1c404e28c2a5e05623c7e4cb53d33455e63f62de; fb16cd923310572fc21857d41265f5ca1d456c615bb73c9c4e38acd4078b0bc8	SGCB v0.4.1; https://github.com/aeqby770/SGCB/releases/download/v0.4.1/SGCB_code_data_release_0.4.1.zip
Figure S8	Supplementary Figure S8	Kang18 pseudobulk channel decomposition	reproducibility/outputs/FigS8_kang18_merged.pdf	343396e1fae4d95a4a2ad4d674bc0676c40a7a3fffab0270d4ca863bce54c7f9	reproducibility/scripts/analysis/07_biological_story/03_story_analysis.R	7d29d514de9adf2b2f595340c1ddda8730cd6295d221ab60896b0ccbd2a1d482	reproducibility/scripts/figures/37c_v5_publication_figures.R	bb2bfca469e4d624db5c4cb410a2ead5cb379929c2d2e342eea24ee119e79512	https://github.com/aeqby770/SGCB/releases/download/v0.4.1/SGCB_code_data_release_0.4.1.zip::code_data_release/data/biological_story_outputs/pb_kang18/tables/pb_kang18_case_metadata.csv; https://github.com/aeqby770/SGCB/releases/download/v0.4.1/SGCB_code_data_release_0.4.1.zip::code_data_release/data/biological_story_outputs/pb_kang18/tables/pb_kang18_celltype_marker_enrichment.csv; https://github.com/aeqby770/SGCB/releases/download/v0.4.1/SGCB_code_data_release_0.4.1.zip::code_data_release/data/biological_story_outputs/pb_kang18/tables/pb_kang18_celltype_marker_reference.csv; https://github.com/aeqby770/SGCB/releases/download/v0.4.1/SGCB_code_data_release_0.4.1.zip::code_data_release/data/biological_story_outputs/pb_kang18/tables/pb_kang18_celltype_marker_scores.csv; https://github.com/aeqby770/SGCB/releases/download/v0.4.1/SGCB_code_data_release_0.4.1.zip::code_data_release/data/biological_story_outputs/pb_kang18/tables/pb_kang18_channel_summary.csv; https://github.com/aeqby770/SGCB/releases/download/v0.4.1/SGCB_code_data_release_0.4.1.zip::code_data_release/data/biological_story_outputs/pb_kang18/tables/pb_kang18_clinical_associations.csv; https://github.com/aeqby770/SGCB/releases/download/v0.4.1/SGCB_code_data_release_0.4.1.zip::code_data_release/data/biological_story_outputs/pb_kang18/tables/pb_kang18_enrichment.csv; https://github.com/aeqby770/SGCB/releases/download/v0.4.1/SGCB_code_data_release_0.4.1.zip::code_data_release/data/biological_story_outputs/pb_kang18/tables/pb_kang18_representative_distributions_long.csv; https://github.com/aeqby770/SGCB/releases/download/v0.4.1/SGCB_code_data_release_0.4.1.zip::code_data_release/data/biological_story_outputs/pb_kang18/tables/pb_kang18_representative_features.csv; https://github.com/aeqby770/SGCB/releases/download/v0.4.1/SGCB_code_data_release_0.4.1.zip::code_data_release/data/biological_story_outputs/pb_kang18/tables/pb_kang18_representative_marker_map.csv; https://github.com/aeqby770/SGCB/releases/download/v0.4.1/SGCB_code_data_release_0.4.1.zip::code_data_release/data/biological_story_outputs/pb_kang18/tables/pb_kang18_sample_signature_scores.csv; https://github.com/aeqby770/SGCB/releases/download/v0.4.1/SGCB_code_data_release_0.4.1.zip::code_data_release/data/biological_story_outputs/pb_kang18/tables/pb_kang18_sgcb_channels.csv	914b718d17cc0c176833a6c6690163e22395b7d23c5071f510140890fa04a121; 3f0f364488700fbb4e99386e458459e69cf791946a49fb0c6068ceabebfa7f4b; fe74bc3e21982df447917246f9eb2981e71d171ca9ee0e53ac52dcc61a38e58c; 940627521d6ab3911c6910ce01ac1b17310c68e24614e33457e597075e055a2d; 84664d39ba85311db3cf67cd0a2b1f2785eb9fec937ce3e3ce65fec43d1873ce; 0ae80756c0761cd8f179af14721f946312f9fc3c9bcc02d2c3af02426fba8e01; d526655105e1e515aa6ad4dca4c3c1b807c50096efbfd2dd88f628ef0843dc5d; c1217ca909856b3f4eae618dbe73d81480a5f074a2e93ee3c1ac83d2f7da1f8e; f6f1f73ffb88c106ada3f86bcfc13e36b5d4a5b73f89f7de9094e79ac76d8ba9; 089ff5958909cbdb22065ff556b3c611d56a2c964faa9c14a9c93b2bd67dba52; 995862cbf6b5ba158e8e8f59d15d4e6ab73da101b9a993d1483371d9efb56149; 2fb6e2832bd1b8867945c26554ac5f4c86843fb78da9ef48b68c2c8e2ace59f1	SGCB v0.4.1; https://github.com/aeqby770/SGCB/releases/download/v0.4.1/SGCB_code_data_release_0.4.1.zip
Table S1	Supplementary Table S1	Pseudobulk and proteomics differential-analysis comparison	reproducibility/outputs/Table_S1_pseudobulk_de.csv; reproducibility/outputs/Table_S1_proteomics_de.csv	c65537cf7ed2a9d15bd671e0666d222ef733792c5f4193bc61fa6205794868d6; 5d236510068154f4c398d9fbc04352aab1690c18e7306eb099f27d40b5f52d9c	reproducibility/scripts/analysis/04_multimodal_aggregation/02_aggregate_paper_tables.R	488a05d38ad97b091f36d4ca196c9a6ef41211387d1bc9b595fffecec5c1ca8c			https://github.com/aeqby770/SGCB/releases/download/v0.4.1/SGCB_code_data_release_0.4.1.zip::code_data_release/data/paper_data_v2/pseudobulk_de.csv; https://github.com/aeqby770/SGCB/releases/download/v0.4.1/SGCB_code_data_release_0.4.1.zip::code_data_release/data/paper_data_v2/proteomics_de.csv	c65537cf7ed2a9d15bd671e0666d222ef733792c5f4193bc61fa6205794868d6; 5d236510068154f4c398d9fbc04352aab1690c18e7306eb099f27d40b5f52d9c	SGCB v0.4.1; https://github.com/aeqby770/SGCB/releases/download/v0.4.1/SGCB_code_data_release_0.4.1.zip
Table S2	Supplementary Table S2	Generalized-gamma goodness-of-fit checks	reproducibility/outputs/Table_S2_gof.csv	24efba3ff06ea3993393d9cd8d9a0ec36ea41383e47513bdb8100f0eb27aee1f	reproducibility/scripts/analysis/06_methodology_checks/02_genomewide_gof.R	229d1e148d38ca8e6be3f2c0d0a9baf6f473b616a84c90243a8c294e42447874			https://github.com/aeqby770/SGCB/releases/download/v0.4.1/SGCB_code_data_release_0.4.1.zip::code_data_release/data/methodology_test_results/methodology_checks/genomewide_gof_overall_summary.csv	24efba3ff06ea3993393d9cd8d9a0ec36ea41383e47513bdb8100f0eb27aee1f	SGCB v0.4.1; https://github.com/aeqby770/SGCB/releases/download/v0.4.1/SGCB_code_data_release_0.4.1.zip
Table S3	Supplementary Table S3	Component ablation	reproducibility/outputs/Table_S3_ablation.csv	8cf1a557f6dfc23c1d390108e1ea56a78efcd1cbc569eb6ef4e26423e5d8f1d2	reproducibility/scripts/analysis/06_methodology_checks/10_ablation_sgcb_extended.R	4dd2239b8b0d484b987b89947967bc48b1573f9d46e0b79d22b67fbcad9b9aea			https://github.com/aeqby770/SGCB/releases/download/v0.4.1/SGCB_code_data_release_0.4.1.zip::code_data_release/data/methodology_test_results/ablation_sgcb_extended_summary.csv	8cf1a557f6dfc23c1d390108e1ea56a78efcd1cbc569eb6ef4e26423e5d8f1d2	SGCB v0.4.1; https://github.com/aeqby770/SGCB/releases/download/v0.4.1/SGCB_code_data_release_0.4.1.zip
